x_value,total_1,total_2
0,1000,1000
1,999,1005
2,995,1003
3,991,1001
4,989,997
5,993,993
6,999,995
7,1003,995
8,1000,994
9,1003,992
10,1002,987
11,1000,989
12,997,987
13,993,991
14,991,992
15,998,997
16,993,1003
17,998,1007
18,1003,1007
19,1011,1007
20,1010,1006
21,1014,1012
22,1013,1016
23,1010,1016
24,1007,1012
25,1004,1013
26,1002,1010
27,998,1009
28,995,1006
29,1001,1012
30,1008,1011
31,1014,1011
32,1021,1006
33,1016,1004
34,1015,1002
35,1011,1001
36,1006,1006
37,1000,1009
38,1004,1010
39,1000,1010
40,1001,1012
41,997,1015
42,994,1021
43,1001,1016
44,1008,1019
45,1010,1018
46,1008,1017
47,1013,1019
48,1007,1024
49,1005,1025
50,1012,1027
51,1020,1028
52,1016,1030
53,1010,1033
54,1018,1038
55,1013,1044
56,1012,1041
57,1018,1043
58,1015,1047
59,1020,1051
60,1027,1046
61,1035,1042
62,1030,1039
63,1027,1037
64,1030,1042
65,1029,1045
66,1036,1045
67,1043,1046
68,1038,1044
69,1045,1040
70,1052,1041
71,1052,1047
72,1056,1043
73,1064,1039
74,1061,1035
75,1060,1033
76,1058,1034
77,1064,1029
78,1067,1032
79,1062,1038
80,1061,1038
81,1056,1034
82,1053,1040
83,1052,1042
84,1055,1040
85,1055,1044
86,1063,1050
87,1066,1049
88,1062,1054
89,1064,1057
90,1059,1061
91,1062,1061
92,1063,1066
93,1061,1067
94,1061,1070
95,1058,1067
96,1060,1065
97,1055,1061
98,1062,1063
99,1057,1062
100,1053,1060
101,1059,1056
102,1062,1058
103,1061,1053
104,1066,1054
105,1068,1051
106,1076,1057
107,1084,1060
108,1084,1063
109,1083,1069
110,1090,1066
111,1084,1068
112,1083,1064
113,1086,1062
114,1084,1065
115,1089,1071
116,1094,1074
117,1093,1080
118,1089,1082
119,1091,1086
120,1098,1091
121,1093,1089
122,1090,1085
123,1091,1081
124,1088,1086
125,1089,1089
126,1096,1095
127,1099,1095
128,1101,1093
129,1095,1091
130,1101,1091
131,1105,1086
132,1105,1087
133,1101,1082
134,1096,1081
135,1092,1083
136,1088,1086
137,1091,1089
138,1087,1091
139,1086,1090
140,1093,1085
141,1087,1081
142,1085,1083
143,1084,1081
144,1078,1079
145,1078,1081
146,1072,1082
147,1067,1084
148,1065,1086
149,1061,1085
150,1061,1091
151,1058,1089
152,1057,1084
153,1060,1080
154,1063,1083
155,1067,1086
156,1066,1090
157,1060,1094
158,1068,1100
159,1076,1101
160,1083,1105
161,1080,1108
162,1076,1106
163,1074,1105
164,1071,1102
165,1072,1107
166,1079,1110
167,1085,1116
168,1086,1117
169,1089,1116
170,1089,1111
171,1086,1115
172,1092,1114
173,1090,1119
174,1094,1125
175,1097,1120
176,1103,1124
177,1109,1122
178,1117,1128
179,1124,1133
180,1132,1130
181,1128,1128
182,1131,1130
183,1127,1133
184,1121,1137
185,1126,1133
186,1130,1128
187,1135,1123
188,1130,1126
189,1134,1123
190,1142,1125
191,1136,1130
192,1135,1128
193,1143,1128
194,1151,1127
195,1152,1131
196,1153,1135
197,1150,1130
198,1156,1130
199,1160,1135
200,1154,1138
201,1162,1139
202,1156,1140
203,1153,1135
204,1152,1132
205,1158,1134
206,1160,1132
207,1165,1136
208,1169,1142
209,1173,1147
210,1170,1144
211,1170,1150
212,1170,1147
213,1169,1147
214,1175,1147
215,1173,1152
216,1178,1153
217,1184,1152
218,1187,1148
219,1190,1150
